﻿{
  "ProtocolConfiguration": {
    "Magic": 5195086,
    "AddressVersion": 23,
    "SecondsPerBlock": 15,
    "LowPriorityThreshold": 0.001,
    "StandbyValidators": [
      "03b209fd4f53a7170ea4444e0cb0a6bb6a53c2bd016926989cf85f9b0fba17a70c",
      "02df48f60e8f3e01c48ff40b9b7f1310d7a8b2a193188befe1c2e3df740e895093",
      "03b8d9d5771d8f513aa0869b9cc8d50986403b78c6da36890638c3d46a5adce04a",
      "02ca0e27697b9c248f6f16e085fd0061e26f44da85b58ee835c110caa5ec3ba554",
      "024c7b7fb6c310fccf1ba33b082519d82964ea93868d676662d4a59ad548df0e7d",
      "02aaec38470f6aad0042c6e877cfd8087d2676b0f516fddd362801b9bd3936399e",
      "02486fd15702c4490a26703112a5cc1d0923fd697a33406bd5a1c00e0013b09a70"
    ],
    "SeedList": [
      "seed1.ngd.network:10333",
      "seed2.ngd.network:10333",
      "seed3.ngd.network:10333",
      "seed4.ngd.network:10333",
      "seed5.ngd.network:10333",
      "seed6.ngd.network:10333",
      "seed7.ngd.network:10333",
      "seed8.ngd.network:10333",
      "seed9.ngd.network:10333",
      "seed10.ngd.network:10333",
      "seed1.neo.org:10333",
      "seed2.neo.org:10333",
      "seed3.neo.org:10333",
      "seed4.neo.org:10333",
      "seed5.neo.org:10333"
    ]
  }
}
