﻿{
  "ProtocolConfiguration": {
    "Magic": 1414481230,
    "AddressVersion": 23,
    "SecondsPerBlock": 15,
    "LowPriorityThreshold": 0,
    "StandbyValidators": [
      "0327da12b5c40200e9f65569476bbff2218da4f32548ff43b6387ec1416a231ee8",
      "026ce35b29147ad09e4afe4ec4a7319095f08198fa8babbe3c56e970b143528d22",
      "0209e7fd41dfb5c2f8dc72eb30358ac100ea8c72da18847befe06eade68cebfcb9",
      "039dafd8571a641058ccc832c5e2111ea39b09c0bde36050914384f7a48bce9bf9",
      "038dddc06ce687677a53d54f096d2591ba2302068cf123c1f2d75c2dddc5425579",
      "02d02b1873a0863cd042cc717da31cea0d7cf9db32b74d4c72c01b0011503e2e22",
      "034ff5ceeac41acf22cd5ed2da17a6df4dd8358fcb2bfb1a43208ad0feaab2746b"
    ],
    "SeedList": [
      "seed1.ngd.network:20333",
      "seed2.ngd.network:20333",
      "seed3.ngd.network:20333",
      "seed4.ngd.network:20333",
      "seed5.ngd.network:20333",
      "seed6.ngd.network:20333",
      "seed7.ngd.network:20333",
      "seed8.ngd.network:20333",
      "seed9.ngd.network:20333",
      "seed10.ngd.network:20333",
      "seed1.neo.org:20333",
      "seed2.neo.org:20333",
      "seed3.neo.org:20333",
      "seed4.neo.org:20333",
      "seed5.neo.org:20333"
    ]
  }
}
